{"cameraMode":{"drawMode":0,"name":"Shaded","section":"Shading Mode"},"sceneLighting":true,"audioPlay":false,"sceneViewState":{"m_AlwaysRefresh":false,"showFog":true,"showSkybox":true,"showFlares":true,"showImageEffects":true,"showParticleSystems":true,"showVisualEffectGraphs":true,"m_FxEnabled":true},"in2DMode":false,"pivot":{"x":1024.9163818359375,"y":102.22053527832031,"z":4808.7529296875},"rotation":{"x":-0.18063710629940034,"y":-0.1209348812699318,"z":0.022376464679837228,"w":-0.9760282039642334},"size":108.25829315185547,"orthographic":true}