{"cameraMode":{"drawMode":0,"name":"Shaded","section":"Shading Mode"},"sceneLighting":true,"audioPlay":false,"sceneViewState":{"m_AlwaysRefresh":false,"showFog":true,"showSkybox":true,"showFlares":true,"showImageEffects":true,"showParticleSystems":true,"showVisualEffectGraphs":true,"m_FxEnabled":true},"in2DMode":false,"pivot":{"x":955.6458740234375,"y":117.15264892578125,"z":5039.6689453125},"rotation":{"x":-0.06155742332339287,"y":0.08284394443035126,"z":-0.0051258523017168049,"w":-0.9946553111076355},"size":108.87435150146485,"orthographic":false}